Stock,Max_Sharpe_Weight,Min_Volatility_Weight
TCS,0.010493203171220964,0.6363394009773832
DLF,0.13062851124228786,0.2369419220984685
OIL,0.8588782855864913,0.1267186769241482
